job,poly,cycles,xof_bytes,candidates,rejected,coefficients,permutations,permutation_cycles
0,0,6439,768,256,0,256,5,5525
0,1,6439,768,256,0,256,5,5525
0,2,6439,768,256,0,256,5,5525
0,3,6439,768,256,0,256,5,5525
0,4,6439,768,256,0,256,5,5525
0,5,6439,768,256,0,256,5,5525
0,6,6439,768,256,0,256,5,5525
0,7,6439,768,256,0,256,5,5525
0,8,6439,768,256,0,256,5,5525
0,9,6439,768,256,0,256,5,5525
0,10,6439,768,256,0,256,5,5525
0,11,6439,768,256,0,256,5,5525
0,12,6439,768,256,0,256,5,5525
0,13,6452,784,257,1,256,5,5525
0,14,6439,768,256,0,256,5,5525
0,15,6439,768,256,0,256,5,5525
1,0,6452,784,257,1,256,5,5525
1,1,6439,768,256,0,256,5,5525
1,2,6452,784,257,1,256,5,5525
1,3,6452,784,257,1,256,5,5525
1,4,6439,768,256,0,256,5,5525
1,5,6439,768,256,0,256,5,5525
1,6,6439,768,256,0,256,5,5525
1,7,6439,768,256,0,256,5,5525
1,8,6439,768,256,0,256,5,5525
1,9,6439,768,256,0,256,5,5525
1,10,6439,768,256,0,256,5,5525
1,11,6439,768,256,0,256,5,5525
1,12,6439,768,256,0,256,5,5525
1,13,6439,768,256,0,256,5,5525
1,14,6452,784,257,1,256,5,5525
1,15,6453,784,258,2,256,5,5525
2,0,6439,768,256,0,256,5,5525
2,1,6453,784,258,2,256,5,5525
2,2,6439,768,256,0,256,5,5525
2,3,6439,768,256,0,256,5,5525
2,4,6452,784,257,1,256,5,5525
2,5,6439,768,256,0,256,5,5525
2,6,6439,768,256,0,256,5,5525
2,7,6439,768,256,0,256,5,5525
2,8,6452,784,257,1,256,5,5525
2,9,6439,768,256,0,256,5,5525
2,10,6452,784,257,1,256,5,5525
2,11,6439,768,256,0,256,5,5525
2,12,6439,768,256,0,256,5,5525
2,13,6439,768,256,0,256,5,5525
2,14,6452,784,257,1,256,5,5525
2,15,6439,768,256,0,256,5,5525
3,0,6840,768,256,0,256,5,5525
3,1,6703,768,256,0,256,5,5525
3,2,6867,784,256,0,256,5,5525
3,3,6703,768,256,0,256,5,5525
3,4,6827,768,256,0,256,5,5525
3,5,6703,768,256,0,256,5,5525
3,6,6717,768,256,0,256,5,5525
3,7,6704,768,256,0,256,5,5525
3,8,6840,768,256,0,256,5,5525
3,9,6727,768,256,0,256,5,5525
3,10,6704,768,256,0,256,5,5525
3,11,6717,768,256,0,256,5,5525
3,12,6840,768,256,0,256,5,5525
3,13,6715,784,257,1,256,5,5525
3,14,6716,768,256,0,256,5,5525
3,15,6843,768,256,0,256,5,5525
