job,row,col,absorb_bytes,xof_transfer_bytes,sampler_bytes,accepted_coefficients,rejected_candidates,permutations,permutation_cycles
0,0,0,34,768,768,256,0,5,12725
0,0,1,34,768,768,256,0,5,12725
0,0,2,34,768,768,256,0,5,12725
0,0,3,34,768,768,256,0,5,12725
0,1,0,34,768,768,256,0,5,12725
0,1,1,34,768,768,256,0,5,12725
0,1,2,34,768,768,256,0,5,12725
0,1,3,34,768,768,256,0,5,12725
0,2,0,34,768,768,256,0,5,12725
0,2,1,34,768,768,256,0,5,12725
0,2,2,34,768,768,256,0,5,12725
0,2,3,34,768,768,256,0,5,12725
0,3,0,34,768,768,256,0,5,12725
0,3,1,34,784,771,256,1,5,12725
0,3,2,34,768,768,256,0,5,12725
0,3,3,34,768,768,256,0,5,12725
1,0,0,34,784,771,256,1,5,12725
1,0,1,34,768,768,256,0,5,12725
1,0,2,34,784,771,256,1,5,12725
1,0,3,34,784,771,256,1,5,12725
1,1,0,34,768,768,256,0,5,12725
1,1,1,34,768,768,256,0,5,12725
1,1,2,34,768,768,256,0,5,12725
1,1,3,34,768,768,256,0,5,12725
1,2,0,34,768,768,256,0,5,12725
1,2,1,34,768,768,256,0,5,12725
1,2,2,34,768,768,256,0,5,12725
1,2,3,34,768,768,256,0,5,12725
1,3,0,34,768,768,256,0,5,12725
1,3,1,34,768,768,256,0,5,12725
1,3,2,34,784,771,256,1,5,12725
1,3,3,34,784,774,256,2,5,12725
2,0,0,34,768,768,256,0,5,12725
2,0,1,34,784,774,256,2,5,12725
2,0,2,34,768,768,256,0,5,12725
2,0,3,34,768,768,256,0,5,12725
2,1,0,34,784,771,256,1,5,12725
2,1,1,34,768,768,256,0,5,12725
2,1,2,34,768,768,256,0,5,12725
2,1,3,34,768,768,256,0,5,12725
2,2,0,34,784,771,256,1,5,12725
2,2,1,34,768,768,256,0,5,12725
2,2,2,34,784,771,256,1,5,12725
2,2,3,34,768,768,256,0,5,12725
2,3,0,34,768,768,256,0,5,12725
2,3,1,34,768,768,256,0,5,12725
2,3,2,34,784,771,256,1,5,12725
2,3,3,34,768,768,256,0,5,12725
